"name","title","company","industry","email","linkedin","logo_url"
"Damien Leveque","Founder and Partner","Rhodium Partners","Business Services, Staffing & Recruiting","dleveque@rhodiumpartners.co","https://www.linkedin.com/in/damien-leveque-94611732","https://logo.lusha.co/logo-files/coresignal/d5c98232-5f3d-4a17-b108-fdccf8f6463c.png"
"Saad El Abed El Alaoui","Founder, Chief Executive Officer","BSMART EXPERTISE","Technology, Information & Media, IT Consulting & IT Services","saad.alaoui@bsmart-expertise.com","https://www.linkedin.com/in/saadalaoui","https://logo.lusha.co/logo-files/coresignal/df729047-bb2d-480d-9b9e-0f3ee9fc2566.png"
"Mohamed Alami","Co-Founder, Associate Director","Sekure'Up Advisory & Consulting","Technology, Information & Media, IT Consulting & IT Services","malami@sekureup.com","https://www.linkedin.com/in/mohamed-alami-91b23496","https://logo.lusha.co/logo-files/coresignal/95bf4177-ea29-4019-a0ac-584e664d1376.png"
"Mounia Sayagh Arezki","Founder, Chief Executive Officer","We MICE You","Hospitality, Events Services","mas@wemiceyou.com","https://www.linkedin.com/in/mounia-arezki-sayagh-33459220","https://logo.lusha.co/logo-files/brightdata/38524916-0f26-44a5-a75e-07e29579cc37.jpg"
"Youssef Benkirane","Founder, Global General Manager","Vigo Maroc","Retail & Wholesale Trade, General Merchandise Retail","youssef.benkirane@vigo.ma","https://www.linkedin.com/in/youssefbenkirane00","https://logo.lusha.co/logo-files/coresignal/f617d2d1-8b95-4cac-bfdd-b88a9c57125a.png"
"Younes Louafy","Founder, Chief Executive Officer","HALE Bedding","Retail & Wholesale Trade, Luxury Goods & Jewelry Retail","younes.louafy@halebedding.com","https://www.linkedin.com/in/younes-louafy","https://logo.lusha.co/logo-files/coresignal/cbbcf130-6a0d-46a9-82e5-08f96216e75a.png"
"Mohamed Mekran","Founder, Chief Executive Officer","Bewize","Education, E-Learning Providers","mohamed@bewize.ma","https://www.linkedin.com/in/mohamedmekran","https://logo.lusha.co/logo-files/coresignal/66cfabcf-0cdb-4be2-8958-ea242a4aff2b.png"
"Hamza El Kharraz","Founder, Chief Executive Officer","ANALYGO LABS","Technology, Information & Media, IT Consulting & IT Services","hamza@analygo.co","https://www.linkedin.com/in/hamza-el-kharraz-67354315a","https://logo.lusha.co/logo-files/coresignal/7591acec-33c3-4534-abb8-7a8a2c12a7d1.png"
"Karim Jennane","Founder, Chief Executive Officer","I Lave U","Retail & Wholesale Trade, Other","karim.jennane@ilaveu.ma","https://www.linkedin.com/in/karim-jennane","https://logo.lusha.co/logo-files/coresignal/45fb9929-4645-4152-9faa-4de03ab4f764.png"
"Amine A T Handir","Founder Manager","Le Petit Coursier","Transportation & Logistics, Freight & Package Transportation","amine@lepetitcoursier.ma","https://www.linkedin.com/in/amine-handir","https://logo.lusha.co/logo-files/coresignal/b5340e10-b6e1-4ab4-a89d-331e462c97c1.png"
"Sophie Benabdelkhalek","Co-Founder","Bar à Textile","Manufacturing, Textile & Apparel Manufacturing","sophie@baratextile.com","https://www.linkedin.com/in/sophie-benabdelkhalek-b9b558283","https://logo.lusha.co/logo-files/coresignal/7c47ae3f-a51c-42ad-8b69-0c8eb381d592.png"
"Najib Benabdallah","Co-Founder","BLOOM BOOKS & MORE","Retail & Wholesale Trade, Sport, Music, Books & Hobbies Retail","najib@bloombooks.ma","https://www.linkedin.com/in/najib-benabdallah-82257b27","https://logo.lusha.co/logo-files/coresignal/2ced6638-522f-4807-80d5-c9e5bd9cd67a.png"
"Ismail Ousirrou","Co-Founder","Study Plus","Education, Higher Education","ousirrou@studyplus.ma","https://www.linkedin.com/in/ismail-ousirrou-ba070196","https://logo.lusha.co/logo-files/coresignal/04c7120a-ad9f-4326-91f6-4c4af7353df9.png"
"Faissal Khalil Jouhari","Co-Founder","Promedstore Imaging","Retail & Wholesale Trade, Health & Personal Care Stores Retail","f.jouhari@promedstore-imaging.com","https://www.linkedin.com/in/eng-faissal-khalil-jouhari-219563b0","https://logo.lusha.co/logo-files/coresignal/efe0c277-ebc8-47b4-8819-f8b9a6076ee7.png"
"Mehdi Fatheddine","Founder, Director","kodev","Technology, Information & Media, IT Consulting & IT Services","mehdi@kode.ma","https://www.linkedin.com/in/mehdifatheddine","https://logo.lusha.co/logo-files/coresignal/049d468d-0669-46f2-92ee-ae9d4ae35090.png"
"Brahim Ait Ouachouach","Co-Founder","GOSMANIA","Business Services, Advertising, Public Relations & Marketing Services","brahim@gosmania.com","https://www.linkedin.com/in/brahim-ait-ouachouach-33504b177","https://logo.lusha.co/logo-files/coresignal/623bf5bd-cbb1-43f3-97f6-b28b11eb8899.png"
"Amin Echcherradi","Founder, Managing Director","SAPIENS Services","Technology, Information & Media, IT Consulting & IT Services","echcherradi.amin@sapiens-services.com","https://www.linkedin.com/in/echcherradiamin","https://logo.lusha.co/logo-files/coresignal/5c835532-03f0-4fb7-bbb0-038e2371e5e7.png"
"Zaid El Yakoubi","Founder, Director","Mindy Digital","Technology, Information & Media, IT Consulting & IT Services","zaid@mindydigital.com","https://www.linkedin.com/in/zaidelyakoubi","https://logo.lusha.co/logo-files/coresignal/abdd99e2-c2b2-430a-a1ee-b014f7ce3cd2.png"
"A. Baiby","Associate Founder","MAROC SYSTEMES INFORMATIQUES","Technology, Information & Media, Software Development","a.baiby@msysinfo.com","https://www.linkedin.com/in/baiby","https://logo.lusha.co/logo-files/coresignal/21fdb37d-4b92-4ced-b230-78371553040b.png"
"Youssra Morhal","Founder, Creative Strategist","IT'S MY AGENCY","Healthcare, Medical Practices","youssra@itsmyagency.com","https://www.linkedin.com/in/youssra-morhal-544978146","https://logo.lusha.co/logo-files/coresignal/c895d5b1-5f69-49a8-94af-4f6656253f91.png"
"Mouad Sabiri","Co-Founder","Meteori Agency","Business Services, Advertising, Public Relations & Marketing Services","mouad.sabiri@meteoriagency.com","https://www.linkedin.com/in/mouad-sabiri-293bb421a","https://logo.lusha.co/logo-files/coresignal/a2f66dac-0292-4b64-8b32-6d8227617240.png"
"Wassim Oumbarek","Co-Founder","WA Agency Morocco","Business Services, Advertising, Public Relations & Marketing Services","woumbarek@waagency.tech","https://www.linkedin.com/in/wassimoumbarek","https://logo.lusha.co/logo-files/coresignal/a80ff0a4-19c3-46ea-921a-afca7cbc1c03.png"
"Rachid Mouradi","Co-Founder","SynergyAI","Technology, Information & Media, IT Consulting & IT Services","rachid.mouradi@iits.ma","https://www.linkedin.com/in/rachid-mouradi-52a6572","https://logo.lusha.co/logo-files/coresignal/a0c50254-a932-4668-ad31-9f12b1a4eb15.png"
"Sophia Benmoussa","Co-Founder","tranZition","Technology, Information & Media, IT Consulting & IT Services","sbenmoussa@tranzition.fr","https://www.linkedin.com/in/sophia-benmoussa","https://logo.lusha.co/logo-files/coresignal/9841e2c6-3b2d-4856-8d60-466bf1a8bce1.png"
"Zakaria Mohieddine","Founder, Managing Director","Legacy Communication","Business Services, Advertising, Public Relations & Marketing Services","z.mohieddine@legacy.co.ma","https://www.linkedin.com/in/zakaria-mohieddine-63216414","https://logo.lusha.co/logo-files/coresignal/10ab01d8-6e68-4d25-ae3c-bd71fbad2376.png"
"Marwane Doukkali","Co-Founder","Stairway","Education, Extracurricular & Enrichment Education","marwane@stairway.ma","https://www.linkedin.com/in/marwane-doukkali-a81b83166","https://logo.lusha.co/logo-files/coresignal/4f502b92-59c9-4157-b472-2b53b2c21bed.png"
"Mamoun Kanouni","Co-Founder","Meteori Agency","Business Services, Advertising, Public Relations & Marketing Services","mamoun.kanouni@meteoriagency.com","https://www.linkedin.com/in/mamoun-kanouni-75602864","https://logo.lusha.co/logo-files/coresignal/a2f66dac-0292-4b64-8b32-6d8227617240.png"
"Marc Chauveau","Founder, Principal Partner","TRADAF","Retail & Wholesale Trade, Wholesale Import & Export","marc.chauveau@tradaf.co","https://www.linkedin.com/in/marc-chauveau-5b912240","https://logo.lusha.co/logo-files/coresignal/84bd69ea-1b15-41db-9411-ecce5ae89497.png"
"Taha El Alj","Co-Founder","BOTI SCHOOL","Education, E-Learning Providers","taha@boti.education","https://www.linkedin.com/in/taha-el-alj-90a52421","https://logo.lusha.co/logo-files/coresignal/483d7a67-995d-4b9a-8a6b-71ee819db040.png"
"El Mehdi Benyoussef","Co-Founder","Ach-Gal Insights","Technology, Information & Media, Software Development","el@achgal-insights.com","https://www.linkedin.com/in/el-mehdi-benyoussef-30934a102","https://logo.lusha.co/logo-files/coresignal/26284333-69ee-4af3-a179-d633bfe1f651.png"
"Aboubakr Jeddioui","Co-Founder","marcom edge agency","Business Services, Advertising, Public Relations & Marketing Services","aboubakr.jeddioui@marcomedge.ma","https://www.linkedin.com/in/aboubakrjeddioui","https://logo.lusha.co/logo-files/coresignal/0ebfe27b-2c9f-49e4-b07e-01dc1a84db80.png"
"Ahmed Bourriche","Co-Founder","Microcodes","Retail & Wholesale Trade, Wholesale Import & Export","ahmed@microcodes.ma","https://www.linkedin.com/in/ahmed-bourriche-a5974613b","https://logo.lusha.co/logo-files/coresignal/a19f812e-76d1-460a-8274-ec235c1911f4.png"
"Hajar Gherras","Co-Founder","STUDASSIST","Education, Primary & Secondary Education","hajar@studassist.ma","https://www.linkedin.com/in/hajar-gherras-44a8284b","https://logo.lusha.co/logo-files/coresignal/f43ce371-c443-4870-a974-47feb2ec35f2.png"
"Saad Sebti","Co-Founder","Hasta","Technology, Information & Media, E-Commerce & Marketplace","saad@hasta.ma","https://www.linkedin.com/in/sebtisaad","https://logo.lusha.co/logo-files/brightdata/6586152b-3f3e-4c7a-9e6a-296460357abb.jpg"
"Adrien Chereau","Founder","Trassy Inc.","Entertainment, Entertainment Providers","adrien@trassy.ca","https://www.linkedin.com/in/adrienchereau","https://logo.lusha.co/logo-files/coresignal/0f408b47-dc2d-4eff-b205-b8d07a243310.png"
"Ramzi Hannachi","Founder","Tawadoo","Technology, Information & Media, E-Commerce & Marketplace","ramzi@tawadoo.ma;ramzi@tawadoo.com","https://www.linkedin.com/in/ramzi-hannachi-3a8a5b2b","https://logo.lusha.co/logo-files/coresignal/9e8e4257-f862-4fcf-abb7-307f20b25b22.png"
"Akefli Youssef","Co-Founder","Talents Boosters","Business Services, Staffing & Recruiting","y.akefli@talentsboosters.com","https://www.linkedin.com/in/akefliyoussef","https://logo.lusha.co/logo-files/coresignal/d27825bc-43d2-42d1-902f-add46984f6c4.png"
"Rania Ez Zoubir","Founder","rania ez-zoubir studio","Business Services, Architecture & Planning","rania@raniaez-zoubir.com","https://www.linkedin.com/in/rania-ez-zoubir-3466a3108","https://logo.lusha.co/logo-files/coresignal/3e928ec0-e700-464a-9541-b525764e99fc.png"
"Khalid Bourouisse","Founder","HEALTH & ENVIRONMENT SAVE SOLUTIONS","Business Services, Environmental Services","khalid@hess.ma","https://www.linkedin.com/in/khalid-bourouisse-a177087b","https://logo.lusha.co/logo-files/coresignal/42ca31de-e1ce-49c8-bd2d-75d5875ceaf3.png"
"Jonathan Lobe","Co-Founder","dadupa","Technology, Information & Media, Information Services","lobejo@dadupa.com","https://www.linkedin.com/in/jonathan-lobe-i-phd-candidate-6561b7aa","https://logo.lusha.co/logo-files/coresignal/6ba7b6f3-6f54-4390-88c3-f8fe37e31e34.png"
"Ryan Riad Labrini","Founder","Health Supply 770","Manufacturing, Medical Equipment","ryan@healthsupply770.com","https://www.linkedin.com/in/riad-labrini","https://logo.lusha.co/logo-files/coresignal/87e063e5-4956-496c-b590-024fe4008fc3.png"
"Allal Benaboud","Founder","Nexa 360","Technology, Information & Media, Digital Information & Data Solutions","allal@nexa360.io","https://www.linkedin.com/in/allal-benaboud-317b161b0","https://logo.lusha.co/logo-files/coresignal/41826e3a-bab6-491a-ab34-44ed8bd5323f.png"
"Badr Abderraziq","Founder","Evo Felix Holding","Business Services, Business Consulting & Services","badr@evofelix.com","https://www.linkedin.com/in/badr-ai-pme","https://logo.lusha.co/logo-files/coresignal/3a7161ec-d7aa-4a60-841e-33e6d2b6dad2.png"
"Ayoub Elmoutawakil","Founder","WEB IDEAS","Technology, Information & Media, IT Consulting & IT Services","ayoub@webideas.ma","https://www.linkedin.com/in/ayoub-elmoutawakil-0326a6186","https://logo.lusha.co/logo-files/coresignal/af88e4af-20e3-4d29-bfec-cd6d3e50b28b.png"
"Jaouad Simari","Founder","Africa Sustainable Performance","Business Services, Business Consulting & Services","jaouad.simari@asp-consultancy.com","https://www.linkedin.com/in/jaouadsimari","https://logo.lusha.co/logo-files/coresignal/508eeae0-0ac3-4ca0-9851-2c1966cfab37.png"
"Taha Sabia","Founder","Let's Talk Consulting","Healthcare, Mental Health Care","taha@letstalk.ma","https://www.linkedin.com/in/taha-sabia-092a325a","https://logo.lusha.co/logo-files/coresignal/029d789e-eee0-474b-a2a2-4cf3e2f844bf.png"
"Asmaa Himdi","Founder","Generation","Business Services, Advertising, Public Relations & Marketing Services","asmaa.himdi@generation-ad.com","https://www.linkedin.com/in/asmaa-himdi","https://logo.lusha.co/logo-files/coresignal/9512a64f-c723-48e2-9495-1bd4e3dd9f82.png"
"Lina Ouazzani Touhami","Founder","Memento Joaillerie","Retail & Wholesale Trade, Luxury Goods & Jewelry Retail","lina@mementojoaillerie.com","https://www.linkedin.com/in/lina-ouazzani-touhami-997a7a136","https://logo.lusha.co/logo-files/coresignal/6d215e89-5602-444b-b2a7-5f4036ee6deb.png"
"Adel Regragui","Founder","RÉPARATION À DOMICILE","Construction, Specialty Trade Contractors","adel@rad.ma","https://www.linkedin.com/in/adel-regragui-a4784b191","https://logo.lusha.co/logo-files/coresignal/3ff37bd6-2614-4912-970d-b9a9577a6e94.png"
"Ilias Rakie","Founder","GrowMails","Business Services, Advertising, Public Relations & Marketing Services","ilias@growmails.com","https://www.linkedin.com/in/ilias-rakie","https://logo.lusha.co/logo-files/coresignal/1374ffc1-2acb-4167-b2ce-a1921fa71249.png"
"Alex Halib","Co-Founder","tranZition","Technology, Information & Media, IT Consulting & IT Services","ahalib@tranzition.fr","https://www.linkedin.com/in/alexhalib","https://logo.lusha.co/logo-files/coresignal/9841e2c6-3b2d-4856-8d60-466bf1a8bce1.png"
"Pierre Galtier","Co-Founder","BLUEPROTEIN","Farming, Ranching, Forestry, Farming, Ranching, Forestry","pierre@blueprotein.ma","https://www.linkedin.com/in/pierregaltier","https://logo.lusha.co/logo-files/coresignal/1b48edba-c18b-4b0e-bb98-efeb0addd5f6.png"
"Alex Halib","Co-Founder","Allo Garant","Real Estate, Facilities Services","reda@allogarant.com","https://www.linkedin.com/in/alexhalib","https://logo.lusha.co/logo-files/coresignal/374bc905-17ae-483d-b64b-a6bba3e699c1.png"
"Mamoun Loukili","Founder","Webema - Marketing Digital 360","Business Services, Advertising, Public Relations & Marketing Services","m.loukili@webema.ma","https://www.linkedin.com/in/mamoun-loukili-b021891aa","https://logo.lusha.co/logo-files/coresignal/e84ed8c5-5284-4f91-94a2-ca3f0b7c2941.png"
"Younes Slaoui","Co-Founder","Odyssey Education","Education, Primary & Secondary Education","younes.slaoui@odyssey-edu.com","https://www.linkedin.com/in/slaoui","https://logo.lusha.co/logo-files/coresignal/3cba00ec-043b-4c9a-a5cb-002343539602.png"
"Badr Lahlou","Co-Founder","INEO","Technology, Information & Media, Software Development","blahlou@ineo.ba","https://www.linkedin.com/in/badrlahlou","https://logo.lusha.co/logo-files/coresignal/26f7b628-de97-46d0-831a-53e3da05b948.png"
"Othmane Taky","Founder","eProgram","Technology, Information & Media, IT Consulting & IT Services","othmane@eprogram.ma","https://www.linkedin.com/in/othmanetaky","https://logo.lusha.co/logo-files/brightdata/c73f470d-6800-4ed0-b87f-2ff4a1f308a3.jpg"
"Maryam Touimi Benjelloun","Founder","archo","Business Services, Architecture & Planning","maryam@getarcho.com","https://www.linkedin.com/in/maryam-tb","https://logo.lusha.co/logo-files/coresignal/affcb81a-3cf0-4b04-9eaf-7c3d9f3c2a6d.png"
"Zineb Tililani","Founder","Z STRATEGY","Retail & Wholesale Trade, Wholesale Import & Export","ztililani@zstrategy.ma","https://www.linkedin.com/in/zineb-tililani-551402168","https://logo.lusha.co/logo-files/coresignal/28e06351-e629-4906-a1b1-e7860b9524f3.png"
"Ali Seffar","Chief Legal Officer","Mitrelli","Construction, Building Construction","ali.seffar@mitrelli.com","https://www.linkedin.com/in/ali-seffar-a1a1079","https://logo.lusha.co/logo-files/brightdata/66d122e2-dd73-408d-9f2d-a02a0a0a44c2.jpg"
